{
         "perfs_self_play": {
                                    "time": 6816.556703282,
                               "allocated": 759843972797,
                                 "gc_time": 388.517612084
                            },
   "perfs_memory_analysis": {
                                    "time": 2941.730356902,
                               "allocated": 1098993007165,
                                 "gc_time": 43.235892244
                            },
          "perfs_learning": {
                                    "time": 12683.550654466,
                               "allocated": 2973993133583,
                                 "gc_time": 2898.072622152
                            },
               "self_play": {
                                     "inference_time_ratio": 0.7102009534664212,
                                        "samples_gen_speed": 7.632287858007731,
                                "average_exploration_depth": 4.949088807692307,
                                    "mcts_memory_footprint": 51556336,
                                              "memory_size": 52000,
                               "memory_num_distinct_boards": 51997
                            },
                  "memory": {
                                 "latest_batch": {
                                                    "num_samples": 52000,
                                                     "num_boards": 51997,
                                                           "Wtot": 52000,
                                                         "status": {
                                                                       "loss": {
                                                                                     "L": 12.036063,
                                                                                    "Lp": 0.3839416,
                                                                                    "Lv": 10.319979,
                                                                                  "Lreg": 0.45514408,
                                                                                  "Linv": 0.87699836
                                                                               },
                                                                         "Hp": 1.3151363,
                                                                      "Hpnet": 1.6804919
                                                                   }
                                                 },
                                  "all_samples": {
                                                    "num_samples": 52000,
                                                     "num_boards": 51997,
                                                           "Wtot": 52000,
                                                         "status": {
                                                                       "loss": {
                                                                                     "L": 12.056273,
                                                                                    "Lp": 0.38455895,
                                                                                    "Lv": 10.3398485,
                                                                                  "Lreg": 0.45514408,
                                                                                  "Linv": 0.8769369
                                                                               },
                                                                         "Hp": 1.3151363,
                                                                      "Hpnet": 1.6813425
                                                                   }
                                                 },
                               "per_game_stage": [
                                                   {
                                                      "min_remaining_length": 1,
                                                      "max_remaining_length": 13,
                                                             "samples_stats": {
                                                                                 "num_samples": 13000,
                                                                                  "num_boards": 12997,
                                                                                        "Wtot": 13000,
                                                                                      "status": {
                                                                                                    "loss": {
                                                                                                                  "L": 4.06641,
                                                                                                                 "Lp": 0.1971855,
                                                                                                                 "Lv": 2.44694,
                                                                                                               "Lreg": 0.455144,
                                                                                                               "Linv": 0.96710247
                                                                                                            },
                                                                                                      "Hp": 0.45644462,
                                                                                                   "Hpnet": 0.64714897
                                                                                                }
                                                                              }
                                                   },
                                                   {
                                                      "min_remaining_length": 14,
                                                      "max_remaining_length": 26,
                                                             "samples_stats": {
                                                                                 "num_samples": 13000,
                                                                                  "num_boards": 13000,
                                                                                        "Wtot": 13000,
                                                                                      "status": {
                                                                                                    "loss": {
                                                                                                                  "L": 8.645632,
                                                                                                                 "Lp": 0.38968876,
                                                                                                                 "Lv": 6.886284,
                                                                                                               "Lreg": 0.455144,
                                                                                                               "Linv": 0.91451573
                                                                                                            },
                                                                                                      "Hp": 1.24839,